Account_Number,Bank_Name
9626585261,BRI
1688250110,Bank Mandiri
5704242353,CIMB Niaga
2551392968,Bank Jago
4362620486,BRI
7531275939,BCA
8699030268,CIMB Niaga
3135901488,BRI
4311837128,BRI
3775135316,Bank Jago
3930328480,BCA
1246113476,Dana
6615686732,BRI
2361970801,BCA
2889967265,Bank Jago
3047699247,BCA
3317795836,Gopay
7970889954,OVO
7160177800,Gopay
1994306073,BRI
2011640708,Gopay
9547670297,Bank Mandiri
7020365554,OVO
2737436665,Bank Jago
3729073011,BNI
9443336288,BCA
2642905529,Gopay
1124912553,CIMB Niaga
9281450329,Dana
4177263628,Bank Mandiri
7690436324,Bank Jago
9105063010,Bank Mandiri
9090693937,Dana
7409331190,Bank Mandiri
1527738508,CIMB Niaga
8583901289,BNI
3883315529,BCA
1651211792,Gopay
8030289796,Dana
7020088867,BRI
1865370971,BCA
1155953470,Dana
5955812965,OVO
4644210392,Dana
2135285404,BNI
2085792895,BNI
4102081010,Dana
5025328253,BRI
5007068431,Bank Mandiri
7676457616,CIMB Niaga
1063981611,OVO
2790061901,CIMB Niaga
5685621932,Bank Mandiri
5868515412,BCA
8505148495,BRI
3027307360,Gopay
7641938472,OVO
1336115187,CIMB Niaga
2646235311,CIMB Niaga
1560938651,BRI
1408596325,OVO
1289683682,Gopay
6523714755,Bank Jago
8276162848,CIMB Niaga
6592194180,Dana
1286361737,BNI
7994873498,Dana
4063754756,Gopay
9477108175,BNI
3676563300,BNI
1039753629,Bank Mandiri
5871015815,Bank Mandiri
4766900410,BRI
5366524092,BCA
1350233571,BRI
9453211832,Dana
2371090671,BCA
7929633723,BNI
2780036946,OVO
6690916164,Dana
5993351424,CIMB Niaga
5937953824,Bank Mandiri
1016093002,Bank Jago
9292767915,Gopay
2427422428,BRI
1432595963,Dana
5618795483,OVO
4945825778,BCA
5598819906,Bank Jago
8885642385,OVO
9675041612,Gopay
8572799759,Bank Jago
9722081359,BRI
7696069608,Bank Mandiri
6023036529,CIMB Niaga
7077940054,BNI
9091483376,Gopay
4896277033,Bank Jago
2523525081,BCA
6972182696,BRI
7084771960,BRI
2290842019,BNI
2562326042,BNI
3976506496,Bank Jago
2933658530,Bank Mandiri
2413489100,CIMB Niaga
6198697400,BCA
5867078749,OVO
4132985784,OVO
1637932249,Bank Jago
1336002523,BNI
2745126052,Dana
8559386709,BRI
6882517782,OVO
9748918004,Bank Mandiri
3817953348,Dana
3871416314,Gopay
8605671195,OVO
4805610454,BNI
7197162111,BCA
4210011714,CIMB Niaga
5753590333,Bank Mandiri
7627050171,BRI
5164968210,BCA
2505156352,BRI
5566258957,OVO
6159064493,BRI
9075502669,BCA
5234482425,BNI
2190496548,Bank Mandiri
6002959861,BCA
2596426679,BNI
2834320327,OVO
9683769084,Bank Jago
6780126388,Bank Jago
9002131648,Bank Mandiri
7471725511,BCA
3502218720,BRI
9166048468,OVO
9470076697,Bank Mandiri
9982568082,BRI
4033963423,Bank Mandiri
8311120115,BRI
6793643431,OVO
2355312892,Dana
3186845674,CIMB Niaga
6897800207,Gopay
6548370238,Bank Jago
4084636790,BNI
2179098206,BRI
3936893339,BRI
3017330099,Gopay
8751667922,OVO
6317511549,CIMB Niaga
4694249857,Dana
9663785552,Bank Jago
5740471034,Gopay
4416338452,BCA
6712351898,Bank Mandiri
3934396473,BNI
8546988248,OVO
1038727218,Gopay
4426905580,BRI
9965063780,CIMB Niaga
7897152038,CIMB Niaga
3794565778,BNI
3169337590,OVO
5457000463,Bank Jago
6206770627,CIMB Niaga
1741225413,Gopay
9071919346,BCA
5216633876,OVO
1441447383,CIMB Niaga
7627014473,CIMB Niaga
8982196968,Dana
6530321806,BCA
2922885886,Bank Mandiri
6394080663,BRI
3562525978,Bank Mandiri
1639182311,Gopay
6539685710,Gopay
9330981686,BCA
7758662587,BCA
5352610039,CIMB Niaga
1989926064,BCA
8641039412,Bank Mandiri
6751987754,Gopay
8059268080,BRI
5100275782,CIMB Niaga
1676829656,BCA
3565093542,Bank Jago
5230754753,Bank Mandiri
2744053966,BNI
2232291900,CIMB Niaga
2830224362,BNI
7242621384,OVO
4912463307,Gopay
8664488882,CIMB Niaga
5390897605,Bank Mandiri
6228074560,BRI
2287162879,Gopay
5864805427,Bank Jago
5789946902,BCA
4478373169,Gopay
1750555750,OVO
1976792646,OVO
4976859614,Bank Jago
7004902514,OVO
9300972894,Bank Mandiri
5122479999,BNI
1293386604,OVO
5420281324,CIMB Niaga
4301337636,OVO
7539580028,BRI
3160246790,Dana
3805788609,Bank Mandiri
9075475350,Bank Mandiri
4988370412,BNI
9770839446,CIMB Niaga
4405513048,Gopay
9234720227,Bank Mandiri
6529434176,CIMB Niaga
4290161046,OVO
7900927017,Gopay
4871352948,CIMB Niaga
5030134618,BNI
2593885573,BCA
5900769798,CIMB Niaga
8275293295,BNI
9543372572,Dana
2516896667,Bank Jago
6784271198,Gopay
5569456275,BCA
1327166908,Bank Jago
4327325707,BNI
2578748407,OVO
1460642093,BNI
5530913967,CIMB Niaga
2487880568,BCA
2559331331,Bank Jago
4462074464,Gopay
2359051209,Dana
4878486829,CIMB Niaga
8447668524,Dana
6771531769,BRI
9820978806,Dana
4532475061,CIMB Niaga
1260600175,BNI
5837852011,CIMB Niaga
3439155204,Gopay
9693243677,OVO
3218354739,Bank Mandiri
6412407358,Bank Mandiri
5353988769,Gopay
9945186712,CIMB Niaga
1457706452,Gopay
3997129913,Bank Mandiri
4531001983,BRI
6412579189,Bank Jago
4815238444,Bank Mandiri
9451961212,Gopay
5173863117,BNI
1524642313,Bank Jago
1074180285,Dana
9844422243,BRI
2405655962,BRI
7673046236,CIMB Niaga
4791644985,Gopay
7453430375,CIMB Niaga
5534025042,Bank Jago
5082642856,Bank Mandiri
2954812220,Bank Jago
2338709951,OVO
1298556266,BNI
4226013193,Bank Mandiri
8063642345,OVO
8114543011,BNI
8483594356,Gopay
3690463036,Gopay
9260903892,CIMB Niaga
9101271817,OVO
2393279918,Dana
1040492574,Dana
4287694832,Bank Mandiri
7557129444,BRI
3343300707,Bank Mandiri
3696958332,BRI
1717146332,BRI
4638338159,Bank Mandiri
4350868110,Dana
2556332003,Bank Jago
3000808861,Gopay
8499263429,OVO
9937990032,Bank Mandiri
9475419151,Dana
4153109746,Dana
6784337211,Gopay
3090960346,Gopay
3201301625,Gopay
9695028550,OVO
7876945696,Bank Mandiri
7916179269,BNI
2648596704,Bank Mandiri
9632518997,BNI
7471823965,BNI
7596942842,BRI
3833936671,BNI
8577128741,BRI
5121114556,BRI
8391323498,BNI
2773978400,Dana
6565204294,BRI
7079354687,BNI
4714043633,BCA
2966059660,BRI
6765366363,BRI
9340565752,BNI
1497535542,CIMB Niaga
6668755547,BNI
2748258414,BRI
8704642795,Bank Jago
8008059754,BRI
9848490926,BNI
4852928868,Gopay
6672180129,CIMB Niaga
2396525485,Dana
5057850320,Gopay
6893663149,BNI
4333309488,BCA
1827505976,BCA
8809358747,OVO
8769491315,BRI
5011360715,OVO
9301499262,BCA
4667182259,BNI
2450744837,BCA
3348385872,CIMB Niaga
1458130873,BRI
5102744482,BRI
8990890853,BCA
7209646897,BCA
5920196035,BCA
8880730552,OVO
6138347291,CIMB Niaga
9820670713,OVO
2385995529,CIMB Niaga
1950791235,BRI
7549716069,CIMB Niaga
7631532736,Bank Mandiri
5971846129,OVO
2207602827,Dana
3972876368,Dana
3893233290,BNI
9250914689,Gopay
8212490045,BRI
8455572917,BRI
3863208729,Bank Mandiri
3657143398,Bank Jago
2249268264,CIMB Niaga
9692989294,Bank Mandiri
7731607675,BRI
8910177527,Bank Jago
7717412596,Bank Mandiri
9954326804,Gopay
5688451684,CIMB Niaga
6422904903,Dana
1572720794,Gopay
7222758610,Gopay
6993564238,CIMB Niaga
5833676148,BCA
7666129555,Bank Jago
2317823596,BRI
6802546096,OVO
1406509610,CIMB Niaga
7863671334,Dana
7237427235,Bank Mandiri
6143699503,BNI
2792185336,Bank Jago
1514959626,Bank Mandiri
6663474595,Dana
8993806506,BRI
7098225575,BNI
7364015602,Dana
1602438473,Bank Jago
1860882943,BNI
4196061419,Bank Mandiri
7813286865,BRI
1892418863,Dana
6928845203,OVO
4303159017,BCA
2684590705,Bank Jago
9537137423,CIMB Niaga
4073458811,BRI
3401688171,BRI
3766276418,Gopay
8095148126,CIMB Niaga
8326463101,BNI
7094300872,OVO
2214272821,BCA
1389604819,Bank Jago
3405036264,BCA
1413299853,CIMB Niaga
5931720890,Bank Jago
2674070428,OVO
1032360982,OVO
5000916862,BRI
7191137393,Bank Jago
9564647730,Gopay
3099203055,Dana
4241994161,BNI
1079434384,BCA
7832197804,Dana
9688054530,Bank Mandiri
1552142067,Gopay
3136899701,BRI
1214001350,CIMB Niaga
8332403537,Bank Mandiri
2567761592,Dana
6734658883,OVO
1524920106,OVO
6415618338,BRI
2062410055,OVO
2052531780,OVO
8934182698,CIMB Niaga
4007214571,CIMB Niaga
8063937806,Dana
3264035943,Dana
8941656449,BNI
8073901746,BNI
1580192450,Dana
1094365449,Gopay
3814157100,BRI
2534898432,Gopay
3708175739,Dana
5977808878,Dana
6911354555,CIMB Niaga
1688968439,BCA
4295328082,Gopay
9546176127,BCA
7190945518,Bank Jago
4167403371,BNI
4360166740,BNI
9654437915,CIMB Niaga
7709065025,Dana
9084175012,Dana
3249961631,BNI
4586336643,CIMB Niaga
9263326017,Dana
1533282267,Bank Jago
8160674939,Bank Jago
8736731063,Gopay
2626917724,BCA
7971731619,Gopay
5315881791,Gopay
8967205016,Bank Mandiri
8676789550,OVO
4355948018,CIMB Niaga
2622686946,BCA
3983501834,Gopay
6449968696,CIMB Niaga
3124692765,Gopay
2575175471,BRI
3346521900,Gopay
1631784148,Bank Mandiri
7339162397,CIMB Niaga
7090855194,BNI
9661333567,Gopay
1124541554,BNI
8420565887,Gopay
6906950209,Dana
1527978209,Bank Mandiri
8494074703,Bank Jago
5154464665,Gopay
9566838573,BNI
7480522930,BCA
8478124652,CIMB Niaga
8001598414,OVO
6777302944,Bank Mandiri
2653480804,Dana
6393370078,Gopay
9804784188,OVO
5582897171,Gopay
5115800616,Bank Mandiri
2006204254,CIMB Niaga
7766675264,BRI
6436840728,Dana
4687125574,BCA
1561276198,Bank Jago
4963176678,BCA
9700109334,BCA
3110968052,Dana
3140591597,BRI
3000113090,BNI
3973633382,CIMB Niaga
3523722341,CIMB Niaga
3437660881,Bank Mandiri
7628967720,BNI
6857369904,OVO
2600659863,Bank Jago
6474226201,Dana
8894568942,Bank Jago
5262199176,Bank Mandiri
2022004615,BRI
7579478947,OVO
3251857500,Dana
3056169165,BNI
1422828156,OVO
3549840407,CIMB Niaga
5519224111,Bank Jago
9561667394,BNI
2180740119,Bank Mandiri
2898531035,BCA
4218073005,Gopay
9279687914,CIMB Niaga
3193573030,Bank Jago
7849908950,Dana
6685406161,BNI
1938850287,Bank Jago
1122942899,Dana
1884692203,Dana
4658832975,CIMB Niaga
2036104011,Bank Jago
4573220010,BRI
7625513675,BCA
8548378241,BCA
3154346900,BRI
8398243364,OVO
5659092437,BRI
8094281047,BRI
2964317358,Bank Mandiri
1315837045,Dana
4394919771,Bank Jago
2661533360,BCA
4434324536,CIMB Niaga
1252157589,Dana
2806411793,CIMB Niaga
3142107149,BRI
5208946244,BRI
9133847236,CIMB Niaga
5367813260,Bank Jago
5366963223,Bank Jago
5935312760,Gopay
1825990926,BCA
8834188465,Gopay
5066099540,CIMB Niaga
5259701626,CIMB Niaga
9987481790,Bank Jago
9559944987,Dana
6305601065,Bank Mandiri
6790111944,Gopay
2076673445,BCA
3333029889,CIMB Niaga
9697683057,BNI
7270420110,Bank Jago
7207409599,Bank Jago
9852655811,BCA
3914222790,BRI
9363005667,Bank Mandiri
4724960452,CIMB Niaga
8288815272,OVO
1271133135,BNI
1820843366,CIMB Niaga
7728891179,CIMB Niaga
8314983484,Bank Jago
1121635851,Gopay
4177320758,Bank Jago
7698282672,Bank Jago
1350267139,Bank Mandiri
4339176432,BCA
5601637457,OVO
1401325242,BCA
1773610401,OVO
6433353713,OVO
1340504450,Bank Mandiri
2183929663,BNI
7019520638,CIMB Niaga
8574416567,Bank Mandiri
9856566635,BCA
3480172782,BNI
3801698659,BCA
7975831893,Gopay
9150902485,BRI
2390595274,Bank Jago
4781974121,CIMB Niaga
6167473509,CIMB Niaga
6104197193,BRI
1041897104,Dana
8855727955,BNI
1772045511,OVO
8135397087,Gopay
2589793830,CIMB Niaga
8295539295,BCA
8090564521,BNI
5690059297,BCA
3562828093,BNI
1141353652,CIMB Niaga
8362946220,Gopay
1054228907,BNI
1501199065,OVO
8668929635,Bank Mandiri
3168663465,Bank Jago
2616978419,BRI
9915825470,Gopay
8037386826,Bank Jago
7770705842,BRI
8714879197,BNI
1068682468,BNI
8709812990,BNI
1862755723,Bank Mandiri
7615158878,Dana
6480272111,Gopay
7098663023,BNI
1152133617,CIMB Niaga
1548939311,BNI
5752811965,BRI
8202877280,CIMB Niaga
3776767788,Bank Jago
2949243321,OVO
6742390804,Gopay
1774135388,BRI
2453201806,Bank Mandiri
5483391832,BRI
8450948292,Bank Jago
8973198028,CIMB Niaga
5058566384,BCA
6903518422,BRI
8153397930,BNI
9930949676,OVO
5241520044,OVO
6593325564,CIMB Niaga
4546820595,Gopay
3158189672,Bank Jago
8437184000,Bank Mandiri
3695378503,BNI
2771142075,Bank Jago
5870888017,CIMB Niaga
8979573193,BNI
6345946240,BRI
1583746308,BCA
9959579952,BCA
5317959165,BCA
1636558331,CIMB Niaga
3822825261,Gopay
8195157948,BCA
1819145559,BRI
5747522737,OVO
4674801507,Bank Mandiri
1625098641,OVO
4115777957,OVO
8005462564,OVO
7291985727,Bank Jago
6118186022,Gopay
5319895074,CIMB Niaga
5710633171,BRI
5601500685,BNI
8829798571,BCA
7210802434,Bank Jago
8038167410,BCA
2262404154,OVO
5642002650,BNI
1129653589,OVO
8613085632,Gopay
8640277581,BCA
3305871182,BCA
8372091920,Bank Jago
8812853308,CIMB Niaga
6575700832,BNI
1070661992,Dana
5179442581,CIMB Niaga
1027577310,Bank Jago
2453381955,BRI
1974340632,BNI
4556118954,BNI
5488374518,BCA
5029368959,OVO
1617243719,BRI
3290171102,Bank Mandiri
3076045055,BCA
6264204866,Bank Jago
2698300394,BCA
5104880975,BCA
8176204696,OVO
3172521932,Bank Mandiri
2920812800,CIMB Niaga
3700245073,Bank Mandiri
3857148436,Dana
4430809095,Dana
7383939802,CIMB Niaga
4614414274,Bank Jago
7500893395,OVO
2468674905,Bank Jago
2641951899,CIMB Niaga
5723815564,Gopay
6299439680,Dana
7612102100,CIMB Niaga
3867634913,Gopay
4174526171,Bank Mandiri
3166169333,Bank Mandiri
9117881048,BCA
3212302057,CIMB Niaga
5041281445,Gopay
3376385650,BNI
8983926429,OVO
7864326002,BCA
3189759542,Bank Jago
5059126745,Bank Mandiri
9659697206,BCA
7259346140,CIMB Niaga
4003263521,BNI
2584994655,BNI
5028937804,Bank Mandiri
1241584644,Bank Jago
1671805412,Gopay
1281410737,BNI
4555193000,Bank Mandiri
9710335183,Bank Jago
2934637461,BRI
4271316445,BNI
4550708674,BNI
1033015025,Dana
8724121601,OVO
8412244615,BRI
9840442174,BCA
1564741018,Gopay
6979391003,CIMB Niaga
1019568379,BNI
4778098725,Bank Jago
6390863525,Bank Jago
2707420958,Bank Jago
7305746369,Bank Mandiri
9799848202,Bank Jago
4261615159,Dana
9121682409,Bank Mandiri
8031853419,Bank Mandiri
1259027929,BNI
9207866101,Bank Mandiri
4725378910,Bank Jago
1663121941,CIMB Niaga
5683110164,BRI
4645205270,Bank Mandiri
2583283431,CIMB Niaga
2793419957,BNI
5052994944,OVO
9319615999,BNI
6392698354,Gopay
2189170708,Bank Jago
1446076191,Bank Jago
4598252528,OVO
8942423492,Dana
9310048906,Dana
7061780289,Bank Mandiri
7082207544,Gopay
1046159150,Gopay
8135458120,BCA
3904008119,BRI
1459392476,Bank Mandiri
7767384519,BCA
7660101239,Bank Mandiri
4300317319,CIMB Niaga
4630445700,Dana
2016757352,OVO
2444513902,Bank Mandiri
2204636153,Bank Mandiri
3765305067,BNI
2751426156,BRI
8659368194,BCA
2259800169,BCA
8873801371,Bank Jago
7036753939,BRI
1907019842,Gopay
5050505453,BCA
2183460789,Gopay
3490751579,BNI
4970285533,Bank Mandiri
7539814111,OVO
3509956739,BRI
6077363331,BRI
6682010557,Bank Mandiri
2507827152,Bank Mandiri
1478969683,Bank Jago
9926592200,Gopay
4562928759,Dana
8055307627,Bank Mandiri
6806649001,Dana
4174159515,BCA
8232772575,Dana
2962457664,BNI
8000544710,Bank Jago
7670352807,BRI
4751377589,BNI
2409296102,OVO
7180100612,BRI
2904683726,BNI
1356388729,Bank Mandiri
1618807458,BNI
8967527184,OVO
3967109701,OVO
4957756708,Bank Jago
8185006713,BNI
6838963091,BCA
1519876168,BNI
5906609904,OVO
9196581623,Dana
4121079927,OVO
2506344428,Bank Jago
6232546330,Bank Jago
6362368955,Gopay
2635835651,BNI
1699394981,Bank Jago
4180174370,CIMB Niaga
5602373988,BNI
5421105058,CIMB Niaga
6319230835,BNI
6074235622,OVO
2603446537,OVO
9336838849,BCA
8164105197,Bank Mandiri
5992457326,CIMB Niaga
7471173276,Dana
4518158240,OVO
1475314120,BCA
4236899822,CIMB Niaga
3903278415,Bank Jago
8361227698,Bank Mandiri
4834080381,BNI
6789560652,BNI
7614564833,BNI
9135037183,CIMB Niaga
6621276471,CIMB Niaga
2015484421,OVO
3086850427,BRI
2238264733,Bank Mandiri
7672149224,CIMB Niaga
5421985660,Gopay
4060636461,Bank Jago
8906752668,Dana
1049479341,Dana
5395720636,Dana
6321012456,OVO
2038961375,Bank Mandiri
2546504266,Gopay
6331743790,OVO
3259145767,Dana
1779739283,Bank Jago
4825540813,OVO
2831259925,Bank Jago
2705580248,Gopay
2141364536,CIMB Niaga
2950778708,Bank Jago
2470715401,BRI
3566736826,Dana
4300568667,Bank Mandiri
9319894772,Gopay
1924662736,BRI
5582527145,Bank Jago
6675281959,Dana
8433582004,Bank Jago
2102642035,Gopay
8751368472,Dana
2335027701,Gopay
5709133809,Gopay
6400235996,Bank Mandiri
8032767076,BNI
3600696558,CIMB Niaga
6064124646,Bank Mandiri
3313215936,Dana
6833234967,Bank Jago
5163692604,Gopay
4504225354,BCA
6935743490,Dana
3644726870,Dana
9700152979,Gopay
9647595081,BNI
6006603942,BRI
5285339078,BCA
2291523860,OVO
3214323029,BNI
4297803053,BNI
3896133779,BNI
7365752673,BRI
1913448636,BNI
1906214719,BNI
2268083384,BRI
8224448844,Dana
2613608383,Bank Mandiri
8771040523,Bank Mandiri
6282801666,BNI
6949785879,Bank Jago
1199079712,Dana
1765785654,BRI
5423876638,Gopay
7417100443,Bank Mandiri
1976468399,Bank Mandiri
3049046118,BRI
8345532352,OVO
5681332320,Bank Jago
9956734241,OVO
9907992476,Bank Mandiri
3009419290,Dana
4829939853,BCA
3555724667,Gopay
1093404733,Bank Jago
3444548466,BRI
7702098399,BCA
3918496355,Bank Mandiri
5951593383,Bank Mandiri
1435895186,Dana
6013397763,BNI
7030216610,BRI
7997504662,CIMB Niaga
1347676959,BCA
1110861202,BRI
5854914229,BCA
2022040390,Gopay
9231526884,Bank Jago
9880590323,BRI
9173410169,Gopay
8081613208,BNI
7624515609,Bank Mandiri
4574683608,Gopay
5231846442,BRI
9595051879,Gopay
4030426778,Gopay
6434181238,Gopay
8456080975,BCA
7107273321,BCA
7505747574,OVO
5225766678,Bank Jago
2472080332,BCA
1987573337,BCA
7383232070,BNI
2089845852,Bank Mandiri
5210339850,BNI
6806180577,BCA
9953485629,Bank Jago
4593712277,Bank Jago
3683513857,BNI
3884827856,Gopay
7234404527,BNI
3210341860,BCA
9116014687,BRI
9560578628,OVO
2888024107,OVO
6469561075,OVO
6474669390,Bank Mandiri
5148666907,Gopay
9604328437,BNI
5584976796,BRI
6751021591,BCA
1659762818,BRI
8064219027,Bank Mandiri
3785909479,Bank Mandiri
6450918103,BRI
8727978255,BCA
7194815212,BNI
7010190181,BCA
4453487910,Dana
9316208834,BRI
8380151436,Gopay
6651713266,Dana
1362224134,Gopay
8586000621,Bank Mandiri
3876304116,CIMB Niaga
5024708839,BNI
5894889444,BRI
2248692936,Bank Jago
2093814663,OVO
3765982870,Gopay
5770374297,BRI
9103380557,BCA
4947115928,BRI
8798392719,Dana
4571609435,Bank Mandiri
5795601580,OVO
2665392572,Bank Mandiri
6138217609,Dana
2340156424,Dana
5340977868,Gopay
3970814690,Gopay
3591539390,CIMB Niaga
3690850640,BNI
4481115108,Bank Mandiri
9083539388,OVO
9795093923,Dana
3607544139,Gopay
5068796231,BNI
4726843041,Bank Mandiri
5023651845,BRI
9331973806,Gopay
7918742037,OVO
4186465784,OVO
7038939268,BNI
7639300189,BNI
8137621138,Gopay
9916473732,BRI
8378460521,Gopay
3519379038,BNI
9518669892,Dana
9582626738,Bank Jago
4884259867,BNI
